babis,google ads,file:/c:/code/GoogleSVN/iWeb2/data/ch02/biz-01.html
babis,google ads,file:/c:/code/GoogleSVN/iWeb2/data/ch02/biz-01.html
babis,google ads,file:/c:/code/GoogleSVN/iWeb2/data/ch02/biz-01.html
babis,google ads,file:/c:/code/GoogleSVN/iWeb2/data/ch02/biz-01.html
babis,google ads,file:/c:/code/GoogleSVN/iWeb2/data/ch02/biz-01.html
babis,google ads,file:/c:/code/GoogleSVN/iWeb2/data/ch02/biz-01.html
babis,google ads,file:/c:/code/GoogleSVN/iWeb2/data/ch02/biz-01.html
babis,google ads,file:/c:/code/GoogleSVN/iWeb2/data/ch02/biz-03.html
babis,google ads,file:/c:/code/GoogleSVN/iWeb2/data/ch02/biz-03.html
babis,google ads,file:/c:/code/GoogleSVN/iWeb2/data/ch02/biz-03.html
babis,google ads,file:/c:/code/GoogleSVN/iWeb2/data/ch02/biz-03.html
babis,google ads,file:/c:/code/GoogleSVN/iWeb2/data/ch02/biz-03.html
babis,google ads,file:/c:/code/GoogleSVN/iWeb2/data/ch02/biz-02.html
dmitry,google ads,file:/c:/code/GoogleSVN/iWeb2/data/ch02/biz-01.html
dmitry,google ads,file:/c:/code/GoogleSVN/iWeb2/data/ch02/biz-01.html
dmitry,google ads,file:/c:/code/GoogleSVN/iWeb2/data/ch02/biz-01.html
dmitry,google ads,file:/c:/code/GoogleSVN/iWeb2/data/ch02/biz-01.html
dmitry,google ads,file:/c:/code/GoogleSVN/iWeb2/data/ch02/biz-01.html
dmitry,google ads,file:/c:/code/GoogleSVN/iWeb2/data/ch02/biz-03.html
dmitry,google ads,file:/c:/code/GoogleSVN/iWeb2/data/ch02/biz-03.html
dmitry,google ads,file:/c:/code/GoogleSVN/iWeb2/data/ch02/biz-03.html
dmitry,google ads,file:/c:/code/GoogleSVN/iWeb2/data/ch02/biz-03.html
dmitry,google ads,file:/c:/code/GoogleSVN/iWeb2/data/ch02/biz-03.html
dmitry,google ads,file:/c:/code/GoogleSVN/iWeb2/data/ch02/biz-03.html
dmitry,google ads,file:/c:/code/GoogleSVN/iWeb2/data/ch02/biz-03.html
dmitry,google ads,file:/c:/code/GoogleSVN/iWeb2/data/ch02/biz-02.html
